,price
0,63.3411674553253
1,317.70056421220846
2,116.71644930294777
3,81.56854443255091
4,60.81193020179821
5,63.35922064534993
6,283.1507798642142
7,52.78785940808771
8,94.44268843555808
9,139.12397476804298
10,88.49785012294824
11,112.71990311232385
12,174.3524038697313
13,57.769349200709044
14,91.1034950393173
15,372.3923167776203
16,29.00429506226651
17,61.51839181332189
18,51.27652022006199
19,160.0310627602158
20,56.314269697956746
21,98.78612797098882
22,22.97246055762999
23,91.7133692316654
24,106.87037717624456
25,128.1596976191146
26,103.09692360026263
27,81.44940139432177
28,64.52501551639585
29,110.5461810257879
30,61.35010171254072
31,72.7843780261913
32,52.13650580175948
33,205.8291677730928
34,50.84596390783156
35,69.27740927811425
36,452.2226692745637
37,57.57170312487508
38,62.66828587021131
39,60.12841256906459
40,112.60775052011404
41,130.96160875850316
42,111.77593212943023
43,54.70668471400908
44,104.45509897422254
45,71.5649737918242
46,56.32267705089441
47,55.10900870422421
48,48.9319467346641
49,214.90955314457594
50,111.02147208870016
51,102.19341364218916
52,61.40365662616482
53,44.270474110559036
54,50.84160014784355
55,49.161983445089135
56,201.09368277133945
57,84.86219801276874
58,108.18457759082595
59,61.58259255680459
60,111.04497154696037
61,64.2536474218462
62,60.02234189473381
63,94.53081382263802
64,63.67541199561693
65,57.582718069659244
66,51.281678073226786
67,136.84295204782057
68,49.62632655088153
69,64.33708142348125
70,123.04026301532733
71,81.26444864698776
72,123.7123672783744
73,66.92201099064076
74,133.12137987384077
75,57.887305070374055
76,59.207883767947976
77,86.19048330434732
78,165.73763570322194
79,76.46794709852459
80,56.983045253791445
81,62.76927587765123
82,56.38925622636267
83,76.10956675131952
84,113.82698403473152
85,77.59943491395977
86,42.327368487821175
87,52.46690141746837
88,165.89476129136887
89,67.5636795195636
90,54.35754783654303
91,36.70014795541637
92,59.52284707048447
93,56.34311609104912
94,8.532245512909755
95,65.16811579219318
96,28.558761999485586
97,80.55861892034848
98,101.32516237751797
99,66.70285285045226
100,92.88338591868556
101,48.7677020222363
102,79.65346355360926
103,85.81166437894603
104,53.91135025603696
105,71.9009837570021
106,111.57185815679533
107,89.61642587401958
108,94.62520267633474
109,68.95230278927511
110,58.97393549978462
111,55.49842233653646
112,76.44708197685524
113,75.58082467063795
114,94.19414808948476
115,83.718469544391
116,92.01364220375933
117,39.491553236583556
118,73.8857059393342
119,55.6380753258354
120,44.85661765612726
121,170.64895579744737
122,56.806786447838086
123,74.95694615419296
124,63.658387878454796
125,217.71975614233884
126,209.84779315267966
127,235.18286144559116
128,50.139872604947264
129,167.62020652417738
130,51.1846514222404
131,100.92991988157894
132,134.54399070085626
133,114.56994715282214
134,92.82274091384616
135,165.89476129136887
136,245.04994969009974
137,113.90693761582313
138,58.536114251823086
139,55.80267280455564
140,33.62782596304484
141,27.258437827703414
142,114.39064530507038
143,66.09045450190752
144,85.42488753923664
145,57.796494711234025
146,92.87851163261178
147,94.4629126986175
148,68.05393791679745
149,98.00689896591545
150,97.96004913257103
151,44.596329989737846
152,88.40299346554066
153,55.872536700822835
154,50.849555689977585
155,46.388668145631954
156,99.4777834143831
157,103.11425380822305
158,117.25586896059455
159,66.62860164782789
160,55.800377337098745
161,115.00721166956767
162,92.49435238696913
163,41.4590206702755
164,51.78247653847187
165,105.57088251984574
166,93.87053919684801
167,67.08818901408834
168,102.88543010050522
169,56.74491720943545
170,76.40287715044289
171,62.94812292068876
172,58.94909011745572
173,95.62507819467139
174,124.45105011321253
175,101.0705044643673
176,54.3118297197021
177,58.21224082702202
178,134.8804149466998
179,62.041788387753115
180,30.010268812882757
181,165.02314786370084
182,106.27224712845188
183,106.77170864992992
184,207.82792225269586
185,108.67548786905768
186,175.87218531294704
187,48.36656918891901
188,40.180814090159096
189,96.5377962586671
190,90.66663985352929
191,303.35207321309787
192,74.71434979837318
193,49.099458096893244
194,102.3728648344644
195,94.9048347719473
196,57.72257720292309
197,61.51839181332189
198,93.25815207221113
199,142.995542458666
200,101.36510807095085
201,49.558106683962635
202,37.68980691756304
203,63.181551527582315
204,77.28727263285765
205,135.87620213087746
206,92.80860251811832
207,92.91912227818455
208,27.781862730955776
209,54.34830308106642
210,239.560608146076
211,143.52987301917125
212,97.71355579111142
213,57.27041008455875
214,254.0283736538018
215,28.343910511533558
216,60.31048197596908
217,93.18827470523053
218,50.47655511389953
219,162.30934995242438
220,100.34278855461505
221,29.61998784281604
222,285.6490214070793
223,111.46105722270237
224,169.89194283627964
225,56.66748162420494
226,53.30181435293693
227,91.28409108574832
228,62.22927930334516
229,85.09409163903538
230,91.56757267826127
231,65.2316408956662
232,200.84174601784326
233,86.58556806045216
234,53.52019454658106
235,83.6861411603739
236,68.16209160923253
237,107.45432817068941
238,55.987566580002756
239,74.25182359479122
240,64.83704487764318
241,67.13731775196715
242,107.06540160731134
243,93.64285260794256
244,101.96007626118018
245,119.36268458794605
246,115.85443636276997
247,60.59809471778959
248,246.70475963684206
249,96.78165464521871
250,62.67446032277887
251,58.34839341389659
252,78.29116120801253
253,151.8260342882239
254,62.48193995086181
255,102.3728648344644
256,142.79344699491043
257,93.15975507634893
258,66.25303497696711
259,64.64734163477121
260,82.34016363188748
261,94.03837728466253
262,56.050489003264005
263,84.19515501844157
264,114.58779854268296
265,103.30953343525073
266,85.95842327494285
267,106.67796371651804
268,93.13398616543998
269,178.75652421474427
270,723.9702439738928
271,134.04178121383634
272,101.7971234313717
273,60.05612494200116
274,50.21314772603865
275,52.598313103504346
276,59.70584651539134
277,73.26947936733745
278,60.202183564159434
279,103.28581350302308
280,42.366057841382144
281,36.07203189600061
282,107.78512155660835
283,83.21926519011488
284,52.190248832442336
285,91.64046668353124
286,68.7499439092927
287,19.788200656756825
288,124.22567929553031
289,89.56224647973062
290,95.27018832349471
291,214.29127762527173
292,68.92393652659129
293,63.0052962906932
294,53.49358702149625
295,193.18694081416018
296,61.14315591110794
297,70.8129326491417
298,185.13479205644663
299,16.000354445309323
300,150.1090703537362
301,51.842866537297915
302,196.7106961369329
303,142.83958546809214
304,163.317873464682
305,66.23573913926245
306,53.640864133432416
307,55.563013485704374
308,151.32254933548995
309,54.96204775425356
310,57.51718638611751
311,59.741637685595265
312,53.15900761501387
313,61.939894899926664
314,76.69747349163283
315,145.0612082756052
316,488.9405471632946
317,181.9550900638018
318,100.6479316494086
319,140.4278989869562
320,64.16143654227955
321,139.16724563734596
322,96.74798901611761
323,34.70216586541207
324,64.04914803237136
325,3714.8820817576693
326,190.55240366341022
327,83.90474392295248
328,54.87656340823391
329,50.07184177618519
330,59.89593313424438
331,52.381317243143975
332,69.07962677622344
333,107.12189727577649
334,30.411207554531085
335,57.30153661248536
336,114.73202252021048
337,61.27461841517489
338,86.55378988402468
339,20.802264940136673
340,47.4432835674883
341,24.10210209464464
342,51.64680656481441
343,55.69080156459453
344,166.91140731129383
345,101.47625406337463
346,213.32496757662
347,59.82570897019075
348,79.02468227196502
349,41.00381790911165
350,90.33124040662251
351,30.58965608863776
352,59.996325945243115
353,58.37847859691906
354,115.21978532952603
355,102.0413710946263
356,93.2420355118987
357,89.90957787932076
358,99.25760186286642
359,63.94901154951895
360,114.65389647170895
361,93.76170823131389
362,58.689922066868995
363,92.85988382502363
364,61.82939150571482
365,85.51874607722942
366,126.18491667698596
367,66.97687869768832
368,56.59185809086765
369,177.27846722856867
370,60.371363123755906
371,279.9959090690942
372,32.01542582244119
373,82.46108003708281
374,87.18849024781713
375,91.44259357626174
376,100.7184220965764
377,117.84398095418679
378,151.99194086805113
379,24.77908914764834
380,141.18681843305356
381,200.57051239804005
382,55.783388659177156
383,69.87751973425084
384,27.903344952325618
385,64.54398019091067
386,55.68018940486538
387,167.7828201568782
388,102.01625522067891
389,60.30380328619626
390,32.54989014254436
391,101.52929688124486
392,72.72949752769968
393,67.34500171998342
394,88.90112858271961
395,154.58416709177283
396,73.11851308184433
397,95.37836110970412
398,186.3372594419762
399,56.854904822237586
400,185.2819420475894
401,97.7520838373386
402,58.201218969559356
403,92.38017087217861
404,120.90641965704431
405,101.50262237990265
406,105.24027882702265
407,99.27458492350078
408,168.75482144225998
409,53.87748188152784
410,60.432781907829096
411,116.8521707584229
412,78.55380568242387
413,226.11941200707955
414,66.9610355292787
415,580.0076984523042
416,180.19341047922845
417,57.03097866121511
418,282.78227431855777
419,75.86580288989636
420,178.96010235873786
421,110.5461810257879
422,61.52441099851838
423,146.1928011761455
424,62.01620061727366
425,215.5686327112569
426,41.075578856067565
427,50.56879458753495
428,144.5627274999722
429,251.407404107053
430,50.23137607500454
431,62.4291048874522
432,131.8652792603719
433,21.45010823034509
434,62.4739421367195
435,90.59810588127493
436,62.38406129557513
437,125.85516583613361
438,62.08372223579673
439,53.79837938975376
440,67.29347598703647
441,61.691853655380285
442,193.91124736949322
443,66.1848860701152
444,76.61051239245084
445,129.0577738202986
446,47.79143498745388
447,124.01019131627692
448,62.47949637809866
449,108.53090480715288
450,105.78352074264873
451,62.3837872242841
452,66.03990836128197
453,50.00427560652458
454,85.17750834288658
455,51.021291967115744
456,56.45938650523032
457,90.44935326191089
458,88.32891851876091
459,80.52533824897222
460,64.32503570379956
461,624.957856736585
462,65.11553445243275
463,59.29683344611264
464,90.17965451082377
465,75.47543026588235
466,60.49511135935772
467,53.648526967356375
468,30.98794253346854
469,58.61102014497293
470,43.87737456534287
471,113.59219047859965
472,62.74346087269936
473,58.807515101531244
474,57.75675710814367
475,142.61396540447922
476,109.65337146958711
477,50.21536254579355
478,64.39180958561468
479,32.50648263501312
480,71.4419328672479
481,94.16314259367063
482,153.4651849844349
483,62.34010400718274
484,55.7731796179945
485,84.90793775172155
486,53.81770010612187
487,167.53342455967322
488,78.29116120801253
489,57.76852529155145
490,78.5524800128076
491,79.75942687708417
492,61.108444724837156
493,44.894607961722244
494,58.17199379361372
495,158.36843636181473
496,138.3129184361903
497,70.23332364375422
498,74.73251903468436
499,80.87299563148366
500,64.97704127216035
501,76.91638495215379
502,61.87666616205609
503,62.82552369087399
504,69.05354542980398
505,58.63445503578821
506,118.52910331735283
507,101.53418616724993
508,23.842371405063986
509,63.25156051364546
510,60.14181693312862
511,62.151926084408245
512,234.88030738912087
513,321.2128599950992
514,123.21285438174307
515,54.47673474459078
516,126.6202029344595
517,103.47951444591702
518,49.58909070374863
519,136.93897929168327
520,165.89897724072205
521,46.388668145631954
522,87.64021899926223
523,185.1056830830565
524,41.54306491260815
525,93.4637370228007
526,379.91309913839507
527,51.36894911496004
528,58.60181100881505
529,49.22173488373423
530,60.30380328619626
531,61.16594999264724
532,61.61975867185113
533,55.824407622876834
534,61.95823819399703
535,67.29392636416748
536,252.23536828061833
537,92.51146883132729
538,61.20222172204228
539,89.08742428633266
540,86.50278436252789
541,96.68904542834537
542,76.2106382300617
543,207.74597801684746
544,60.973714737025254
545,275.6195092135063
546,98.71945472567224
547,124.13287536084565
548,61.63607590178616
549,83.67537487459289
550,170.5453291291854
551,68.79572531858926
552,52.64785600912314
553,29.332141515868653
554,59.2960009188666
555,181.4886144144798
556,167.94246816224097
557,76.55216975013013
558,61.013090303408696
559,61.713579362813945
560,57.510632737939595
561,71.16479203242159
562,110.89818719134225
563,61.847963309789485
564,236.0464657292798
565,73.94599058423626
566,74.60953623448627
567,103.12290743694162
568,98.76542260034215
569,60.31563068782269
570,84.18070007429283
571,98.71945472567224
572,71.17847820682879
573,63.18715588922526
574,62.67606716634792
575,89.71846296406177
576,93.02194945945327
577,58.27411752146879
578,112.15604679863209
579,142.32568902431626
580,26.91319533402535
581,70.63844987177534
582,73.67091573897451
583,69.10067499989273
584,95.77729738346206
585,59.476027192764164
586,95.7289306479102
587,64.28753241944845
588,57.918993974015045
589,59.686605637269636
590,99.89473335564533
591,46.518506684782935
592,79.70911382011205
593,48.51243720672935
594,66.98812951660811
595,167.04647228198408
596,34.69461078495145
597,83.31408333066766
598,76.79825089790562
599,75.45395146495262
600,62.818593306554
601,95.52634117143494
602,85.29192716914396
603,62.46981737572716
604,86.58556806045216
605,63.048281699676345
606,52.00957671335699
607,127.23992826364376
608,119.25431217139312
609,61.09126157605035
610,34.771044320735456
611,72.58340839863658
612,57.721670865807305
613,99.5077294989691
614,64.2099463958845
615,61.16458959170215
616,59.187843740955906
617,219.84615127445403
618,75.8451208848159
619,97.2278025718791
620,138.10375370948867
621,101.37557637817879
622,96.79288377743434
623,63.259163468234746
624,87.42700299650562
625,55.895614935949546
626,77.34248742651421
627,63.65916415983487
628,37.104894016311476
629,387.5466120948288
630,100.01738220056211
631,45.74005061878609
632,78.79925933928686
633,62.18179969078874
634,207.67128517993666
635,176.53758011056533
636,195.9891475634998
637,61.82423784195566
638,93.27904225557116
639,157.8102879681476
640,44.592077807077175
641,56.44095270186609
642,90.80785984978955
643,138.77936126567914
644,60.523286790193715
645,294.31924083364703
646,143.12981055800162
647,44.973395026904946
648,97.05621092792519
649,65.8624716525713
650,65.27690710233243
651,280.2842618539202
652,59.00295141675263
653,28.32363354495587
654,57.618233128171966
655,68.91312725758299
656,62.57254291357114
657,552.5880321421569
658,67.30236169047295
659,60.05342833356113
660,104.12896655958949
661,64.38831145006667
662,93.1857015222826
663,56.38925622636267
664,59.86924438204885
665,61.5203205205067
666,182.666818372394
667,62.53667033499442
668,142.931852970988
669,64.90909341919354
670,91.60590549155197
671,23.502504653550172
672,144.03455651222393
673,53.18813381093117
674,51.74048742614136
675,56.63020438177036
676,165.57503407293171
677,110.99268576393848
678,93.05540034265913
679,118.68017101274243
680,163.98801813425064
681,110.16219024072264
682,79.88675239617903
683,63.00478190772168
684,89.75430472927933
685,146.5748717129632
686,248.08646056591215
687,56.38925622636267
688,104.63363304387562
689,56.51459146023705
690,67.27329620327795
691,120.4166932742577
692,51.24672080351102
693,79.42567652526765
694,101.64917598786998
695,34.02168381069835
696,56.077187116110856
697,227.23761623965464
698,48.80301067243002
699,51.86333555373322
700,51.39828862012035
701,58.153147134571455
702,64.49961549656499
703,30.33653647923507
704,42.43559595460157
705,173.49675757919712
706,64.8080789380643
707,78.58792143432338
708,56.62942237141155
709,87.09316152269197
710,97.19460733970523
711,62.966652825654215
712,115.1602884885875
713,52.15947226667111
714,87.7177856800826
715,48.26625102613752
716,92.40539501505174
717,58.75786962130331
718,212.96500837352826
719,132.93650912149943
720,49.120439874561896
721,59.796939598564876
722,58.121636884884204
723,167.89838531498197
724,77.25737191436406
725,54.95110793242636
726,103.92770115542706
727,245.08183276527797
728,72.44895391628835
729,221.70411351873443
730,205.8291677730928
731,53.557521982961156
732,100.78038607237471
733,175.48860800396412
734,107.26702173575931
735,126.9579827353725
736,40.909063754608795
737,113.41044034094502
738,66.07905641089377
739,82.91843373012848
740,248.57631373970622
741,95.50869305759785
742,47.41299510145475
743,58.10880398517694
744,51.90849342738603
745,217.20370632681704
746,57.95010622969193
747,52.52257334367043
748,138.76304600697705
749,97.67556057247717
750,40.17813861127463
751,205.26158519096714
752,142.5024917754338
753,69.29225539092954
754,57.05731726138101
755,103.28581350302308
756,64.60619550781088
757,60.47850772760849
758,300.9182601898264
759,109.73047703450483
760,68.95602754840993
761,71.32203596395364
762,128.08192298557344
763,87.98904099153737
764,100.61075502276562
765,60.722505605640464
766,174.0182249813437
767,34.46935634284359
768,57.11821747822474
769,87.3215476657651
770,57.27249058446153
771,119.79156287329631
772,244.78970294590354
773,70.26516323959748
774,173.64022984378437
775,60.755345798615096
776,114.02480021426119
777,91.85724251800241
778,132.73648243803058
779,111.75667042669734
780,45.76042763453853
781,63.467078894621636
782,92.94508725576014
783,81.31834613243402
784,77.78569498766355
785,107.42651391699594
786,101.44517823845963
787,163.897348396358
788,231.3257348016843
789,84.34651202310147
790,164.83387847762975
791,107.13722398394557
792,211.26620215894684
793,104.08249098624127
794,95.66825478590663
795,41.960398659232006
796,58.19338810779525
797,82.02930003707215
798,62.62328966159813
799,64.66383675422138
800,60.438725825550456
801,142.30904374943424
802,75.60308157933123
803,108.36254342793264
804,136.8050877404514
805,71.03000951119505
806,129.40296087574794
807,73.36305195706201
808,98.16553151277395
809,37.67876514227665
810,65.43204762924668
811,26.774445151608326
812,51.46849198768674
813,77.82046089543233
814,149.5707172394918
815,97.39147916510848
816,55.65685895344844
817,167.7828201568782
818,49.62632655088153
819,77.32979759692626
820,76.61814594195897
821,138.38904101768983
822,106.7235522667082
823,63.05106118234748
824,55.43913667900046
825,83.96455754928806
826,55.775379038085205
827,79.88453443191706
828,201.22659331129495
829,129.45788404506774
830,82.11317481765916
831,65.74344945165092
832,85.48073862427438
833,98.18082755678057
834,45.62983640183551
835,55.42151059464392
836,97.83789128971858
837,63.793019068468205
838,134.91154040614688
839,83.07621012891853
840,153.3846950598891
841,202.05738003362447
842,64.70870383001878
843,94.37924177886008
844,213.8628508128145
845,128.61218019625812
846,165.474520806706
847,110.62182974286009
848,82.97728487869605
849,102.20429158685839
850,104.18715439147081
851,103.74866302725077
852,65.01155644301667
853,74.06052432366698
854,90.50390680542213
855,135.16008615830376
856,257.2837096554906
857,128.54631826031405
858,76.0915955645868
859,219.09236429633594
860,125.49286493834273
861,166.09898606886273
862,23.145607080568915
863,91.07388833643844
864,52.84300977181289
865,58.28893237995424
866,71.98081187973959
867,36.01825502437476
868,74.55657577523591
869,327.99947301365233
870,129.44070350128064
871,59.89380897762405
872,88.24150569775068
873,28.978261144615637
874,70.70875341017508
875,68.04847945320769
876,32.83449865297507
877,92.21676449682663
878,57.46780582170338
879,65.24247064856448
880,58.80078117771861
881,53.972707489854706
882,79.52194120247135
883,68.16133468504883
884,56.00353042503652
885,97.39525892287979
886,85.31476700821435
887,100.21905046713361
888,76.27033060249256
889,82.95771703488613
890,308.24060716322674
891,64.79146253700127
892,71.13409777337044
893,158.26261085058405
894,103.08987010450689
895,198.27689990809188
896,93.14716154441498
897,57.67860757170756
898,106.45965875332524
899,31.31834937597439
900,228.8905481134935
901,35.82584454746844
902,89.66203563262877
903,62.10353363187361
904,59.3390103065525
905,81.05037952869164
906,66.87591372242765
907,89.73176788287336
908,98.3869047208614
909,226.64392791183403
910,90.85897038069172
911,81.69294889112277
912,253.52155542420024
913,98.57640532659985
914,85.32202125983967
915,68.14296922321036
916,66.85641571878686
917,103.56464941881224
918,64.23248699241583
919,35.60289774022828
920,91.13290743114041
921,67.28419973129687
922,134.23830021280028
923,58.55850944801094
924,60.40267019605749
925,67.47872298712933
926,134.98591808280852
927,84.63912737621277
928,99.65034025278747
929,59.525510371120326
930,34.96123772278641
931,82.6067405451487
932,30.030551404272877
933,121.06154710942573
934,172.53921086782518
935,39.8678635399873
936,74.8997938760503
937,110.8996633008572
938,62.18179969078874
939,50.082142072287596
940,60.27131335924659
941,58.064173770691674
942,43.67424137844124
943,124.093354429405
944,93.01470399653513
945,66.82555370971637
946,225.0954396760528
947,50.79971925728613
948,58.809631038338
949,112.32822497533185
950,81.12114253315039
951,66.1277789823412
952,131.33606497617282
953,59.983374312628676
954,111.63556243605267
955,28.72680016877463
956,137.62456559982928
957,77.96741797069679
958,103.3070173534557
959,97.10611150566453
960,24.186454856096397
961,140.87150741718736
962,128.12551898135044
963,86.60311123835713
964,70.64356588575488
965,90.91220636243074
966,92.1365015632042
967,59.11216467991922
968,62.20776591353937
969,96.69406008910023
970,65.43020677943697
971,96.74331641374093
972,66.99290174143766
973,99.55981316131438
974,67.53727040079528
975,55.94513603040336
976,67.03560813922105
977,66.17605280730137
978,39.36842066064147
979,81.17794988381267
980,83.17403297590276
981,172.91713695341087
982,91.24300343521374
983,139.80122006222302
984,92.9860674953154
985,210.44501386990063
986,94.54057236126496
987,54.44492656602632
988,22.477823248926054
989,41.798421516514146
990,43.939443635686374
991,411.4958755157266
992,114.17313664404004
993,464.92856942772784
994,59.06974056430135
995,60.86655017192471
996,62.711099999493804
997,174.08405903372017
998,114.1758471896996
999,103.45375938614667
1000,96.74909945394394
1001,64.24305347048455
1002,57.84594300353365
1003,23.502504653550172
1004,59.16525933727819
1005,125.64877230115334
1006,87.87469980206792
1007,113.09905172393316
1008,57.272657329712736
1009,79.02468227196502
1010,24.46967798552658
1011,114.18142594112713
1012,56.154853535698564
1013,102.01876108443122
1014,97.70274123723563
1015,25.466434147570386
1016,86.21507307143783
1017,62.45051348408404
1018,135.62351610132643
1019,54.309864814143516
1020,83.4660920694573
1021,43.35733795447352
1022,437.0972250146758
1023,65.66400206238762
1024,58.487815896649685
1025,61.67501514789373
1026,60.738881870071715
1027,99.25760186286642
1028,58.214053304572644
1029,96.31950773284956
1030,35.51017672647225
1031,50.70009651017468
1032,99.68733160795296
1033,53.97647757850402
1034,61.022940872198504
1035,82.46642759908138
1036,164.98420793885566
1037,90.1296074227321
1038,52.20424251073413
1039,162.80154490932125
1040,83.66728944873209
1041,97.30624177636497
1042,91.72942301764787
1043,78.13195147087255
1044,275.2443375977989
1045,60.68395107788201
1046,79.97520705313322
1047,56.964557218468784
1048,96.7764734367967
1049,74.1980700792561
1050,111.26115814256713
1051,57.07590557937432
1052,79.87114473483972
1053,70.33704667707049
1054,215.41204636310175
1055,32.913990481522816
1056,94.80653305491792
1057,36.43465571486548
1058,62.4665099943743
1059,100.48614262455379
1060,65.78514117893253
1061,49.0279479630933
1062,62.46226112720032
1063,71.27718613323911
1064,86.08239882382288
1065,181.02940912107837
1066,61.93260348707691
1067,177.5812942231397
1068,92.78092790256117
1069,51.76748819668851
1070,68.81299353292887
1071,65.30762474924478
1072,58.24945529909449
1073,163.55380165820674
1074,387.1676131682248
1075,53.32419902601805
1076,87.3362686901579
1077,56.50233164536956
1078,67.03865609629462
1079,106.6541622256058
1080,91.7133692316654
1081,68.16466635694829
1082,53.77493756944345
1083,98.86017049865735
1084,55.51146836361543
1085,93.32577717197071
1086,62.580911035027455
1087,62.706949931898556
1088,57.61561087633936
1089,63.46353773927481
1090,117.27150222065637
1091,94.14999671079705
1092,61.393285242401205
1093,106.00165746285496
1094,169.5413029698032
1095,81.98466760557697
1096,170.285480348296
1097,129.28680525999377
1098,122.97810379631024
1099,90.61623631225822
1100,69.85981422341878
1101,87.63155489144252
1102,91.72979116353552
1103,62.911525104304154
1104,77.15311241087669
1105,130.75528661882004
1106,77.14413111278357
1107,110.42402292178876
1108,122.63747944515274
1109,57.9440902939678
1110,338.06043883792034
1111,136.3383557477467
1112,106.95116580743952
1113,64.72970747511685
1114,60.67988408530531
1115,112.7726349688778
1116,199.35895185694
1117,86.50493109666112
1118,49.66166890042543
1119,64.8965614408942
1120,54.05517812290661
1121,96.54957039572453
1122,70.24788402356022
1123,56.93679807554187
1124,46.388668145631954
1125,131.79766926948733
1126,60.73369375037653
1127,155.61955699237444
1128,104.13656220144274
1129,88.65286433617457
1130,78.5741358651157
1131,113.61324558281603
1132,241.88744421024325
1133,59.00295141675263
1134,58.27411752146879
1135,57.156257186508704
1136,90.6091858536669
1137,98.85886658571125
1138,66.45413468243811
1139,95.92968986320646
1140,83.59950327715454
1141,54.24581576115272
1142,188.54738644623032
1143,54.71293798312484
1144,45.62770283142355
1145,67.14749203488012
1146,69.30510550094564
1147,104.67586441908618
1148,211.53217938905112
1149,56.50378867720506
1150,35.50855900959897
1151,157.90221477704455
1152,110.95019650801122
1153,147.08791015021168
1154,51.05727670611032
1155,142.91732839976072
1156,231.51508785954468
1157,30.04394497294821
1158,94.52413324741039
1159,111.79253936394785
1160,60.360692067286266
1161,58.204572962994774
1162,98.85206120115068
1163,177.1890846315
1164,103.5023918125015
1165,56.77798942016475
1166,43.62731894170016
1167,60.24585798067933
1168,238.44823832091882
1169,45.00902774489942
1170,80.89238563496798
1171,58.80236764781156
1172,85.29232782580654
1173,92.03629289304588
1174,51.18110376543937
1175,66.87831892159257
1176,53.97577129765538
1177,57.75781392408995
1178,48.70836839325386
1179,65.11913398965214
1180,93.25757571511907
1181,100.39346102688478
1182,76.94209480545273
1183,60.823619186222096
1184,174.89407484669317
1185,57.94438434908495
1186,98.17446567998972
1187,62.58803998915141
1188,62.391131263075586
1189,182.2199983162689
1190,102.20900944840675
1191,90.87133394993327
1192,56.73826037644627
1193,57.89932185782815
1194,305.07935152155966
1195,62.94059091247241
1196,101.18154480032906
1197,108.17743640234288
1198,62.62639471317476
1199,44.235635444647414
1200,101.47414568929361
1201,104.28612970199242
1202,127.86204825123293
1203,38.09610269924572
1204,57.13678888473023
1205,66.21216403733408
1206,57.138883312777736
1207,85.96097050564279
1208,110.68627315078807
1209,28.946606394378488
1210,53.60363830415045
1211,52.34629449568025
1212,23.291314729511225
1213,28.87458168678962
1214,152.50382021250235
1215,59.458214057929915
1216,62.6828786930737
1217,76.40287715044289
1218,77.22128397274794
1219,84.27447168211529
1220,187.93185263917
1221,63.010614139729405
1222,47.32084602085634
1223,94.78117335963887
1224,75.84593290408539
1225,152.52768471180846
1226,50.287694754232746
1227,55.51760809160564
1228,163.6495131505732
1229,166.84457977035024
1230,78.30181842913298
1231,167.7828201568782
1232,67.32455025463034
1233,90.52435579214847
1234,54.783471781170434
1235,117.53994700807846
1236,60.45514746124685
1237,83.69830492043378
1238,64.39642805826115
1239,16.805291059770113
1240,55.081640565905495
1241,226.48755694913794
1242,82.03091537245605
1243,55.28288615320427
1244,42.130693235230176
1245,112.574070072582
1246,54.677436742792224
1247,104.48582175015537
1248,51.530095640583255
1249,86.46536560812453
1250,124.64098371990211
1251,110.8996633008572
1252,93.61401040769185
1253,55.55395992850572
1254,58.378044262968025
1255,188.76811125728335
1256,109.72491579949809
1257,95.5707013244661
1258,53.267743826559055
1259,61.95823819399703
1260,106.26092042681123
1261,80.39342593345852
1262,107.68784285889978
1263,108.96747491309222
1264,96.0894484679278
1265,104.38308879849174
1266,138.78801080579285
1267,86.21507307143783
1268,59.67179172575173
1269,79.9726173531824
1270,97.88146774285423
1271,53.265942764491626
1272,64.81967189530204
1273,53.54543505971436
1274,41.418473990106925
1275,68.70341833260896
1276,52.15382032936257
1277,107.63577068679356
1278,66.97618412152315
1279,103.14067649817449
1280,92.98188339457843
1281,119.44506039768737
1282,63.852135077494495
1283,66.74158873741716
1284,188.91793597385575
1285,71.6845560877558
1286,59.2520475639776
1287,63.904551391255815
1288,118.69412154209229
1289,79.41970278674785
1290,271.9661110952464
1291,82.22484824513818
1292,194.02900390570372
1293,252.48292936207903
1294,60.240059433834155
1295,194.17573456841657
1296,65.7777186140322
1297,82.48932340750218
1298,170.56796988080646
1299,100.10463500851831
1300,92.77166535303284
1301,63.951592892787744
1302,65.68912703112282
1303,48.9888242066358
1304,64.04914803237136
1305,129.1763784449306
1306,76.15575140766164
1307,118.1839182157088
1308,81.9556391369286
1309,85.09929733601838
1310,76.31275745733923
1311,75.62659218943196
1312,80.26649634886455
1313,166.2151243146733
1314,92.89282841206641
1315,156.61993249911842
1316,135.6267202227719
1317,162.30153421285567
1318,82.38390968005561
1319,58.06883191504281
1320,79.05505546643477
1321,110.65301104321415
1322,87.40053501936899
1323,85.77155020326788
1324,107.08053482015633
1325,77.77777112290194
1326,82.35108524136919
1327,37.69762923256641
1328,55.091536281851994
1329,220.20693242408
1330,66.96019797044022
1331,36.831943184766494
1332,101.9333847393893
1333,67.81497866914862
1334,62.81345608258929
1335,198.87077649073387
1336,64.73162650592803
1337,96.32843494189295
1338,55.6628001118866
1339,89.56720929114182
1340,51.64849275829398
1341,69.11004166075553
1342,56.38925622636267
1343,51.27543232663945
1344,58.299262578339096
1345,33.17013097549373
1346,84.28846532656767
1347,135.86899130404885
1348,60.304843843612076
1349,78.765698001853
1350,56.04605696009649
1351,59.12370722288112
1352,57.476282894509886
1353,61.716972367546234
1354,42.93218857670475
1355,171.22703740713627
1356,93.94118102252499
1357,54.947726739938446
1358,93.32801188254136
1359,98.91194475823416
1360,55.21295989076309
1361,58.94301939475208
1362,61.86228999874855
1363,84.90163880552576
1364,51.46849198768674
1365,99.2022984698999
1366,54.84577162391919
1367,69.80603566051334
1368,84.63021219983011
1369,61.87881777772755
1370,70.62991060182661
1371,98.49476150193125
1372,85.23185658614057
1373,106.53812696036357
1374,99.31686244539475
1375,85.68864316792812
1376,23.41949467030428
1377,150.49445790170833
1378,235.44301500382025
1379,129.65059836145687
1380,78.40676834295931
1381,145.99796563207238
1382,71.70690019409544
1383,75.48440750381123
1384,112.7726349688778
1385,111.81972169241891
1386,24.146779369805696
1387,102.31145927678288
1388,125.61728553846724
1389,108.99822664300227
1390,81.62471656266143
1391,163.2266444576072
1392,70.74975618639509
1393,59.187987944322145
1394,170.97137627682602
1395,35.623934301783144
1396,29.22198846651955
1397,1539.5754211439328
1398,60.59386212983064
1399,60.751485971822866
1400,61.00941793401188
1401,86.72644813964932
1402,101.20562384462049
1403,72.89857817802047
1404,103.39491664719286
1405,90.52508543224492
1406,60.02913992993055
1407,89.46038705518727
1408,57.70131288400708
1409,112.37001474671223
1410,82.0774961434302
1411,133.49092711790968
1412,56.73059960881815
1413,91.3166452779736
1414,54.24581576115272
1415,96.60546072662149
1416,60.2916584762239
1417,193.77461694361077
1418,108.42736019931036
1419,92.28127109109293
1420,52.805616576546356
1421,274.7698238300512
1422,59.138888196692164
1423,83.0874099167737
1424,94.35548076531595
1425,84.55294526706268
1426,102.23307815515516
1427,43.58061809625321
1428,58.21232427203586
1429,85.97502129012108
1430,96.46940772839207
1431,55.35999322011397
1432,70.52786337828431
1433,60.031076370227574
1434,48.54424916301718
1435,171.68948935655644
1436,82.3691952831546
1437,85.94829822671187
1438,113.67950172816805
1439,109.60269056397242
1440,72.52677646922758
1441,66.06628617299955
1442,132.7981644315354
1443,197.04405023048523
1444,138.04935762988185
1445,61.434733180250646
1446,70.54081963840034
1447,175.75326523044185
1448,105.50753166671123
1449,76.11016964102171
1450,58.21173159501361
1451,208.19784749635153
1452,62.40173340382943
1453,87.26644245808707
1454,54.500257981687525
1455,77.95279542475572
1456,76.25041063371927
1457,78.5741358651157
1458,427.9641722102838
1459,90.28181226494642
1460,79.67086805538668
1461,87.99584459199522
1462,56.314269697956746
1463,66.54926387790799
1464,56.314269697956746
1465,102.80658590351952
1466,52.1975535626011
1467,79.1848051700953
1468,55.7731796179945
1469,201.90485682336043
1470,58.354025986798554
1471,102.90936512652688
1472,48.78310484652447
1473,333.3531166560252
1474,261.93365467427486
1475,64.48511591633024
1476,99.443748552406
1477,62.84309153354606
1478,54.0904675966371
1479,61.831231746987015
